farm_size,crop_types,soil_practices,carbon_credits
380.7947176588889,Soybean,Cover Cropping,86.16932691621864
951.207163345817,Corn,No-till,148.17391413005234
734.6740023932911,Soybean,Cover Cropping,114.0231558393107
602.6718993550662,Soybean,Crop Rotation,120.73552274999307
164.45845403801215,Wheat,No-till,53.4332930505332
164.43457513284062,Wheat,Cover Cropping,48.270001585997974
67.50277604651747,Soybean,Cover Cropping,60.06506567862969
867.5143843171858,Wheat,Cover Cropping,129.36947621258642
605.1038616257767,Corn,No-till,123.33137537216322
710.9918520180851,Corn,Crop Rotation,112.26787902521964
30.378649352844423,Wheat,Cover Cropping,41.20729110540608
970.2107536403744,Corn,Cover Cropping,161.0304314939832
834.1182143924175,Wheat,Cover Cropping,110.05228064343478
220.2157195714934,Soybean,Cover Cropping,60.99280151623274
190.00671753502962,Soybean,Cover Cropping,66.98321246775741
191.5704647548995,Corn,Crop Rotation,57.19843827461157
311.1998205299424,Wheat,Crop Rotation,55.41852326016388
529.5088673159155,Wheat,Cover Cropping,94.13573185945677
437.62556845569463,Corn,No-till,107.1206135104844
298.3168487960615,Soybean,Crop Rotation,63.42334125154757
615.7343657751557,Corn,No-till,109.88754036940807
148.09892204552142,Soybean,Crop Rotation,43.333011947717836
299.22320204986596,Wheat,Cover Cropping,61.962551770929245
372.6982248607548,Soybean,Crop Rotation,83.10588328437734
461.50928437486556,Corn,Cover Cropping,91.96155714442313
787.3242017790834,Wheat,Crop Rotation,100.68251356860547
207.67704433677613,Corn,Cover Cropping,68.39132823691423
519.0920940294754,Corn,Cover Cropping,107.42114951280794
596.4904231734221,Soybean,Cover Cropping,94.03018568186792
55.98590859279775,Corn,Cover Cropping,37.31253866332414
611.4694033824239,Soybean,No-till,128.0551919369699
178.8188824504186,Wheat,Cover Cropping,39.09659474460939
74.40107705542673,Soybean,No-till,48.84988206698482
949.3966818807999,Wheat,No-till,137.2609533066667
965.9757127438138,Soybean,Cover Cropping,133.87329426193847
810.3133746352966,Corn,No-till,130.28222901697947
311.56763148163697,Soybean,Crop Rotation,71.92514482690963
106.69539286632003,Soybean,Cover Cropping,26.752322709504067
687.3906962470353,Wheat,No-till,96.07012490946502
445.7509688022053,Corn,Cover Cropping,90.01769074092384
130.81785249633106,Soybean,Cover Cropping,49.03961512989701
500.2251410101575,Corn,Cover Cropping,96.31662668377173
44.04463590406621,Soybean,No-till,51.680996416719665
910.2271980579942,Soybean,Crop Rotation,104.8635198510895
266.1921817840167,Corn,Crop Rotation,79.35562149991813
665.8970615104422,Soybean,No-till,106.60702732004073
318.59396532851684,Corn,Cover Cropping,68.20426468509163
524.8673409660327,Soybean,No-till,99.57028705619607
551.2431765498469,Wheat,No-till,96.19591993280713
193.00591097027177,Corn,No-till,81.26749927357356
969.888781486913,Soybean,Cover Cropping,139.70760977639148
777.3814951275034,Soybean,No-till,134.31925799299336
940.1039521485473,Wheat,Cover Cropping,119.62862146057768
895.8790769233724,Corn,No-till,141.00651824441223
601.9209790229743,Soybean,Crop Rotation,84.04462082904854
922.6554926728857,Wheat,No-till,133.24230782289138
97.6075770314003,Soybean,No-till,53.617878147121175
204.02303379495373,Corn,Crop Rotation,58.829329127486346
54.775016021432684,Soybean,Cover Cropping,43.99222607852694
332.0770274556317,Soybean,Cover Cropping,80.57159744740916
394.7905167925872,Soybean,No-till,68.40545510923293
278.63554145615694,Soybean,Crop Rotation,53.865675517773965
830.45013406041,Wheat,Cover Cropping,117.63929513858925
363.1857934266534,Wheat,No-till,64.53194844795284
288.1251645905069,Corn,Crop Rotation,69.27365752106114
547.269122326666,Wheat,Cover Cropping,89.21838702025585
149.51498272501502,Wheat,Cover Cropping,35.91393182197567
804.1750109464992,Corn,Crop Rotation,105.88584963210715
83.80513724297312,Wheat,Crop Rotation,12.142631368804658
987.0180672345122,Wheat,Crop Rotation,116.4951062266321
774.5223216036909,Corn,Crop Rotation,117.59546474247509
206.72852471883067,Corn,No-till,72.23473070129184
15.466895952366375,Corn,Crop Rotation,43.56568519152114
817.3068141702859,Soybean,Cover Cropping,113.95149329035479
709.788770409141,Soybean,Cover Cropping,110.7958422006992
731.7170963605774,Corn,No-till,127.14415572847227
773.5576432190862,Corn,Cover Cropping,109.6754088268971
83.30420521674945,Corn,Cover Cropping,54.563711265580345
364.8810712588299,Soybean,Crop Rotation,78.0529192442339
124.71036892987841,Soybean,Cover Cropping,47.56331559475903
864.4723916168376,Wheat,No-till,137.0695824651798
627.0651455592823,Wheat,Crop Rotation,88.03217111767853
337.5890446041227,Corn,Crop Rotation,65.15829590918153
72.9227667831634,Soybean,No-till,57.86068846384555
317.8724984985056,Soybean,Crop Rotation,87.12018754451512
331.9314888064796,Soybean,Crop Rotation,69.04668506952605
732.3101165546834,Corn,No-till,129.58008969660554
641.181896641661,Wheat,Crop Rotation,89.03101745318766
888.3406151505633,Corn,No-till,126.41789931709606
477.4927759103298,Wheat,No-till,89.41193405004032
128.3983034789187,Wheat,Cover Cropping,51.08383006577098
716.1123393507651,Corn,Cover Cropping,113.03212303126489
763.1771981307285,Wheat,Crop Rotation,112.62828499328792
565.6644255938013,Wheat,Crop Rotation,80.02564246123694
773.2575081550153,Soybean,No-till,113.30488815698412
498.85764040074685,Wheat,Crop Rotation,90.49219334493634
527.5055010881741,Corn,No-till,113.40402637423371
433.26560817496414,Corn,No-till,86.98312975913963
35.164935476654236,Wheat,Crop Rotation,50.704998451713635
116.81251272337141,Soybean,No-till,53.81018434703465
41.11489382986691,Soybean,Cover Cropping,44.95931802942628
640.0463071511426,Wheat,Crop Rotation,93.15810529662998
321.2124212655634,Wheat,Cover Cropping,72.35884430101315
513.4849842530557,Corn,Crop Rotation,94.06271336331498
908.490809186832,Wheat,No-till,133.42870253449982
256.7993068573862,Soybean,Crop Rotation,50.48431436853976
416.2790938052734,Wheat,Cover Cropping,59.742286212630496
757.9956271576182,Corn,No-till,137.22116299829045
236.51018383670623,Corn,Crop Rotation,58.19655839427319
86.21011073050506,Corn,Crop Rotation,48.13067733871573
296.85393838463034,Corn,Crop Rotation,72.95338293736084
169.60907438146438,Corn,Cover Cropping,78.25100347163911
930.4006758191473,Wheat,Cover Cropping,129.65364682833982
810.0391757687728,Wheat,Crop Rotation,107.05594194763631
637.0697189453192,Wheat,No-till,98.47152808166337
872.7459842858406,Wheat,No-till,126.90103001616467
805.6353561301233,Corn,Cover Cropping,116.46988791660621
194.70435829717547,Soybean,No-till,64.75919306120764
893.633408505078,Wheat,Cover Cropping,123.84314396592767
543.9488194964943,Soybean,Crop Rotation,105.81015143609095
809.3657536124219,Wheat,Cover Cropping,115.10056397533299
897.1303869242583,Wheat,Cover Cropping,105.46815708193733
324.8234402221452,Soybean,Crop Rotation,94.21745372617931
118.95140528239999,Corn,No-till,71.46347783980097
235.65581091652226,Wheat,Cover Cropping,79.38906853260808
432.83671073999375,Wheat,Cover Cropping,66.71047120415454
819.8346182632682,Wheat,Crop Rotation,109.76519401376392
862.12327742378,Soybean,No-till,137.95634015732122
16.882609225878795,Corn,Cover Cropping,52.05217464543247
515.6398295517901,Soybean,Crop Rotation,89.63336002877452
423.2368931172912,Soybean,Cover Cropping,60.32758212672357
229.88673236602295,Corn,Crop Rotation,45.86427866095916
128.66671366034598,Soybean,No-till,73.04187245667332
344.23901968959166,Corn,No-till,101.37719729765607
943.480606873394,Wheat,No-till,133.28154777297544
329.9709027005477,Corn,No-till,96.9013650141186
523.6027155259325,Wheat,Cover Cropping,77.12799389116026
705.9887693062261,Soybean,Cover Cropping,102.6546163959358
369.99330635550103,Soybean,No-till,70.97652741691861
972.0642618937511,Wheat,No-till,128.70723073248865
962.8228219926901,Soybean,No-till,148.5092422944952
259.2644728671105,Corn,Cover Cropping,62.30292355607661
502.2760208334616,Wheat,No-till,112.62503248262482
307.86952671860195,Soybean,No-till,80.38765873533457
291.9920894336929,Wheat,No-till,80.04447940832017
46.51807788098747,Corn,Crop Rotation,49.55121361609948
613.4686906400979,Corn,No-till,123.48956556860257
507.6522329965729,Soybean,Crop Rotation,77.08522330427182
60.96396373748946,Corn,Crop Rotation,60.565731755744515
285.8599995942453,Wheat,No-till,69.9953888153389
909.1832271069871,Corn,Crop Rotation,143.0109838203861
247.1662717603027,Wheat,No-till,50.32098664226843
153.44592337031085,Wheat,Cover Cropping,52.15042440311472
494.5582326747874,Corn,Cover Cropping,95.90821043529539
985.7939495694947,Soybean,Cover Cropping,132.38703030715504
249.6347187963854,Corn,Cover Cropping,73.0946601771112
675.4141919318198,Wheat,Crop Rotation,112.93748767319713
764.0034191754304,Wheat,No-till,109.43881832791183
245.26116855247568,Corn,No-till,84.14466041729695
730.934185125741,Soybean,No-till,106.81918795110903
374.1053013920607,Soybean,Cover Cropping,98.50497608563066
635.9827722876437,Wheat,Cover Cropping,106.44428041313145
637.1944136532858,Wheat,No-till,120.97061468791429
540.4169372340109,Soybean,Cover Cropping,100.76229891433877
99.38687235386422,Corn,No-till,63.84481901268004
836.9494706333456,Wheat,No-till,131.62427646819376
327.5722643220185,Wheat,No-till,71.39275179866014
194.6533252958557,Soybean,No-till,48.286993474002344
50.367390139216276,Corn,No-till,59.51073247858956
594.9840137563594,Soybean,No-till,96.9433680296384
680.7887182238596,Corn,No-till,107.06225266859194
26.42195063857759,Corn,Cover Cropping,54.00512674824385
516.9721277162882,Corn,No-till,98.90612802263189
234.23081744595856,Wheat,No-till,73.70012581065276
648.7210625053553,Soybean,Cover Cropping,96.98269856294483
182.62276471494152,Soybean,Cover Cropping,53.553986706355886
694.0283607214413,Corn,Cover Cropping,125.90579633515807
392.86799283753203,Wheat,No-till,82.08522589372929
937.3626888493671,Wheat,Crop Rotation,108.96298847587532
146.1457347045333,Soybean,Crop Rotation,52.19218229905444
347.65568753975595,Wheat,Cover Cropping,84.57795423986363
122.33878602818318,Wheat,Crop Rotation,37.44810415660365
925.4466820957772,Corn,Cover Cropping,143.5252451741068
878.5659598471713,Wheat,No-till,119.36272683315808
265.362211438004,Corn,Crop Rotation,65.16838839410612
663.3842055738372,Soybean,No-till,122.23677592188807
819.0499781992037,Wheat,Crop Rotation,114.09731449747011
559.6488034834678,Soybean,No-till,113.85757897550315
534.3540725724464,Soybean,Crop Rotation,92.68843129952324
249.43376799144716,Wheat,No-till,87.13077357115313
102.17174012784022,Wheat,No-till,34.56804032059133
898.2436003737935,Soybean,Crop Rotation,122.6524265367697
901.4138765916972,Wheat,No-till,119.2960497262492
636.7704427005352,Corn,No-till,103.51455252547103
345.63949313821365,Corn,No-till,74.49211237576097
355.7174788665343,Wheat,Crop Rotation,67.24900610716564
728.6961220815369,Soybean,Crop Rotation,110.13262155637237
898.1391573530514,Wheat,No-till,134.0884749852563
888.2155600224661,Wheat,No-till,117.59095040080109
782.0767903990476,Soybean,Crop Rotation,109.96543084992186
645.6113296927449,Soybean,Crop Rotation,89.91818657171082
93.29856534509834,Corn,No-till,68.688672097227
170.01242695366764,Soybean,No-till,53.298567193557034
899.5686466418084,Corn,No-till,137.81974314422203
610.364769062994,Soybean,Cover Cropping,106.63954131953047
19.10508110046335,Wheat,Crop Rotation,25.75422136507069
110.45682743737179,Corn,Cover Cropping,62.98446719354372
666.8667514169753,Corn,Crop Rotation,122.64747249702903
15.0109680077565,Corn,Crop Rotation,43.398214088030905
169.19997090332367,Wheat,Crop Rotation,55.93610623601644
553.2464514729203,Wheat,Crop Rotation,64.5904362579282
694.9762457157664,Wheat,Crop Rotation,95.20710530309813
655.4416469075745,Wheat,Crop Rotation,97.39317286004723
232.0266163659542,Wheat,Crop Rotation,42.673010852592355
715.0574291340605,Corn,Cover Cropping,118.58223626744697
244.87659662183208,Wheat,No-till,75.08706522277471
332.14570117767505,Corn,No-till,64.41896383766729
749.0264910668438,Wheat,Cover Cropping,98.01192044864592
653.1365700567425,Soybean,Cover Cropping,107.1617897133161
850.7311763892361,Corn,Cover Cropping,134.6773149333241
661.03676337734,Soybean,Cover Cropping,113.48448008683052
572.6255173021169,Corn,Crop Rotation,98.37144651908937
102.73802014981155,Soybean,No-till,59.888926065139245
374.0386450288392,Wheat,Crop Rotation,76.43867158829073
272.5503440049082,Wheat,No-till,63.110453382787554
251.54974694529275,Wheat,No-till,59.069113834465064
973.2804492049211,Corn,Cover Cropping,140.64297861114343
399.1667474200928,Soybean,Crop Rotation,76.91155416478342
893.1260896253422,Wheat,Cover Cropping,117.72987453052104
634.8272397372903,Soybean,Crop Rotation,94.54515080899692
796.863190506232,Soybean,No-till,128.66333675569615
507.61072217414016,Wheat,Cover Cropping,87.33858002771116
581.1348457800955,Wheat,Cover Cropping,91.26011334985196
497.59251688067525,Soybean,No-till,77.34855858744105
203.29055792006406,Wheat,No-till,60.293975871921006
725.2275941088902,Wheat,No-till,102.8227197357986
287.96463881644723,Wheat,Cover Cropping,73.62729093370373
34.0728067671393,Corn,Crop Rotation,40.320069143928855
649.0175729480961,Soybean,Cover Cropping,94.93943673258441
185.33957261297846,Soybean,Crop Rotation,52.91852452249736
941.0539985093851,Corn,Cover Cropping,151.81239570186042
954.3892912325615,Soybean,Cover Cropping,141.74708761470237
915.715746318244,Wheat,No-till,133.77074613788375
376.45711325288994,Soybean,Crop Rotation,59.38476073482043
25.302050363578754,Wheat,Cover Cropping,53.74620603402109
929.0353769618481,Corn,Cover Cropping,131.68726595582578
433.9023068341412,Wheat,No-till,92.72806981213756
966.9882708532328,Soybean,No-till,138.4451983018091
963.9837773183604,Soybean,Crop Rotation,139.77345645666844
854.4793609126865,Soybean,Cover Cropping,138.5166770500214
301.5044031488898,Corn,Crop Rotation,76.63181301396432
391.246751315906,Corn,Cover Cropping,91.68322472919
852.6253048016883,Soybean,Crop Rotation,119.27814061861251
323.75278510471486,Wheat,No-till,68.03561708974338
177.79781921923157,Corn,Cover Cropping,64.16276881978126
561.2332498337666,Soybean,Crop Rotation,87.72417992568451
936.7932264191732,Soybean,No-till,163.35135975004226
699.0694987082233,Corn,No-till,109.98336700591719
574.3605583884713,Corn,Crop Rotation,107.45690800475121
106.20472883306086,Corn,Cover Cropping,60.79244122869622
618.857154432178,Wheat,Cover Cropping,99.18443752445718
990.1533116032207,Wheat,No-till,153.8141921594605
148.6831750841588,Soybean,Cover Cropping,57.85209203442767
523.1463558400993,Corn,Cover Cropping,90.96556638658578
878.5993412086759,Wheat,Cover Cropping,125.77723789340168
743.3609315766624,Corn,No-till,122.50431046861395
700.0455835853153,Soybean,Crop Rotation,110.03740504669801
705.4592431472382,Wheat,Cover Cropping,113.6766606310188
365.89623970755764,Wheat,No-till,67.99874454711507
300.6559258218484,Wheat,No-till,82.018953762213
811.2675439237285,Soybean,Crop Rotation,113.57775594368826
812.012260732389,Corn,Cover Cropping,130.63736530006068
868.4015953943026,Wheat,Cover Cropping,128.01046124263723
914.1081470309066,Soybean,Crop Rotation,130.08470160939697
516.2289748723284,Corn,Crop Rotation,90.53181231070715
506.5011317403276,Soybean,No-till,90.76413735410611
800.3122271771074,Corn,No-till,127.34127764467735
653.4642914699875,Soybean,Crop Rotation,115.99814847228753
704.9472084851263,Corn,Cover Cropping,106.83605647722206
797.83474274174,Wheat,No-till,112.59104089454435
891.1052883993906,Corn,No-till,131.47904060850192
344.61520528302043,Soybean,Cover Cropping,75.8190593274787
381.8271231135446,Soybean,No-till,67.9356578114764
103.04212044246032,Corn,Cover Cropping,41.7686134829021
582.4973395862122,Wheat,Cover Cropping,90.64018562902864
45.582851058774665,Wheat,Cover Cropping,26.68053065289509
470.94203795113555,Corn,Crop Rotation,75.03149070228554
547.2181883605009,Corn,Crop Rotation,81.9191347424207
293.67583960700154,Soybean,Crop Rotation,55.90146686936687
594.9249279633207,Wheat,Cover Cropping,101.80495786303614
40.195247439658935,Corn,Cover Cropping,58.57660430517672
46.974706861722275,Wheat,Crop Rotation,53.887479618358284
824.3745550530617,Corn,No-till,151.26107409044096
366.58873499715025,Corn,Cover Cropping,89.5220005985195
135.78990752536595,Wheat,No-till,63.85576750054692
527.0208274542563,Corn,No-till,104.01310365228481
772.2936175676248,Corn,Cover Cropping,127.42801027688517
223.66281722187475,Soybean,Cover Cropping,81.80231220401919
626.6615710608103,Corn,No-till,116.37828578664933
94.49399034383032,Corn,No-till,70.98178481983544
61.16490395692162,Corn,Crop Rotation,36.77297430990705
536.0410852524665,Soybean,Crop Rotation,81.94172128266439
545.2287703940054,Wheat,Cover Cropping,92.64357301735023
641.0556024832244,Soybean,Crop Rotation,100.60487694895636
728.8304203854349,Soybean,Crop Rotation,101.68370016449452
976.0935586679093,Wheat,Crop Rotation,151.68313170610313
521.1373448181834,Soybean,Crop Rotation,88.839675520967
329.7269082118335,Wheat,No-till,68.54544029933675
797.2343328210167,Soybean,Cover Cropping,121.23962155570797
278.12392874945346,Wheat,Crop Rotation,58.06665990106169
444.58170649857976,Corn,No-till,96.33619612876886
87.67181752884329,Soybean,No-till,37.830011599374
35.09723598130294,Soybean,No-till,61.42919056379895
963.0219305311458,Soybean,Crop Rotation,144.7904872575061
837.6203193070837,Soybean,Crop Rotation,133.46523965107323
699.014464032761,Corn,Cover Cropping,118.15576398863908
414.86341497012717,Soybean,Crop Rotation,83.11115209865787
181.5613768701373,Corn,Crop Rotation,49.49386820694123
164.8726722443752,Corn,No-till,74.81626051041141
257.74046918294937,Corn,Cover Cropping,73.29192398723433
553.7343980590592,Corn,Crop Rotation,90.7693736495135
717.4499634730618,Wheat,Crop Rotation,110.39244326371458
663.595402950554,Wheat,No-till,115.3940306559664
287.1345579764834,Soybean,No-till,74.31954415439766
955.3166278565621,Wheat,Crop Rotation,129.91548858694026
740.5179475288109,Wheat,Cover Cropping,98.7346246335455
558.8105119862867,Soybean,Cover Cropping,108.31288557077225
615.6035387720087,Soybean,No-till,97.57222199685185
425.40406180351204,Soybean,No-till,80.48614969955943
255.25367960614588,Wheat,Crop Rotation,56.148524414919954
362.41295186474895,Wheat,No-till,87.38645802865949
760.2676493597254,Soybean,Crop Rotation,122.16625126812914
24.24955374345831,Corn,Cover Cropping,47.37670915529453
124.91191410184707,Soybean,Cover Cropping,60.221325032722824
55.54261560153522,Corn,Crop Rotation,28.663677066864558
50.32151429578043,Corn,No-till,47.838951528282514
856.9059781708971,Soybean,Cover Cropping,118.70109342245371
706.6212807862235,Soybean,No-till,128.1842571762205
479.4320907964519,Soybean,Cover Cropping,94.48975070872527
106.85581904449147,Wheat,Crop Rotation,42.532109663495156
496.699716365664,Corn,Crop Rotation,92.48732227486015
478.73705307276003,Wheat,Crop Rotation,93.55709806757724
181.46985121091504,Wheat,Cover Cropping,51.44518845602599
439.5131327455933,Soybean,No-till,75.81064018921894
404.5196870533997,Wheat,No-till,91.323920549293
619.6915970716943,Soybean,No-till,108.78755007922004
638.7427143589673,Corn,Cover Cropping,118.41098821755455
54.85096967432407,Soybean,Cover Cropping,45.03744889356734
380.8664884802065,Wheat,Cover Cropping,64.69975361098172
629.601316557094,Wheat,Cover Cropping,101.98834886653917
508.10489599428684,Soybean,Cover Cropping,90.91224030684299
857.924942776439,Soybean,No-till,132.641917106388
662.1066953027556,Wheat,Cover Cropping,117.37637447144974
171.3050828106154,Corn,Cover Cropping,51.14348350721453
79.86305992642555,Corn,No-till,60.845492597402384
645.9950854242525,Soybean,Cover Cropping,96.40954164083848
36.24619743620559,Corn,No-till,27.719160012419977
589.9178254607286,Wheat,No-till,98.50213065585064
940.8279390107081,Soybean,Crop Rotation,129.3930232710689
579.7194360971201,Wheat,Crop Rotation,94.2071646392196
394.2882269444567,Wheat,Crop Rotation,67.25341520860623
646.8553362579296,Corn,Crop Rotation,89.79553007455324
463.6703615866015,Soybean,Cover Cropping,78.1427203861115
550.1606214227755,Soybean,Crop Rotation,103.18565050914458
942.0501606887599,Corn,No-till,135.83873677596966
392.2416114227665,Wheat,Cover Cropping,90.05641643920171
961.5786581856751,Wheat,Crop Rotation,136.65770874428134
906.2971355365031,Wheat,No-till,127.45190751028964
203.83322344140348,Wheat,Cover Cropping,48.09253071311336
78.6676878664138,Soybean,Cover Cropping,58.345898477947166
109.77022136365238,Soybean,Crop Rotation,43.567909685429036
28.03960739503423,Corn,Cover Cropping,32.34745934250384
103.49853114836911,Corn,No-till,65.97301932106949
686.1767056821933,Soybean,Cover Cropping,112.7903050468012
80.4767619756267,Soybean,No-till,64.42473822471045
325.7858739908237,Wheat,Cover Cropping,71.07453739268536
846.42655785976,Wheat,Crop Rotation,109.15118601551883
33.03921637846761,Corn,No-till,66.0007100338681
816.3237977630464,Soybean,Cover Cropping,135.3022841030931
289.03622702566594,Corn,Cover Cropping,76.23568234241867
126.9831793454397,Soybean,Cover Cropping,53.3015370798737
699.7697937105091,Wheat,No-till,96.74426913999986
632.6534183120851,Corn,No-till,107.19007840774375
878.6972933917824,Corn,No-till,145.4774257587718
737.720333365847,Soybean,Crop Rotation,103.1992303329577
805.4461210810001,Wheat,Crop Rotation,95.97623341416678
289.21422684559343,Corn,No-till,113.88020058056034
185.6651483419256,Wheat,Cover Cropping,38.932455249925674
753.1086041244497,Corn,Crop Rotation,137.87837437678616
808.7663918745914,Wheat,No-till,117.80240474147655
990.6000905806666,Soybean,Cover Cropping,138.2143790666286
418.4915001423122,Corn,Crop Rotation,75.12636729235523
378.29790493485535,Corn,Cover Cropping,90.65816214086446
778.6488311345769,Wheat,Cover Cropping,98.46714098235685
347.39550485048767,Wheat,Cover Cropping,51.336260122707046
931.449752347529,Corn,Cover Cropping,154.24669052853898
859.8286243245817,Soybean,Crop Rotation,112.9431384443884
434.70408710126816,Wheat,Crop Rotation,80.93128990552366
753.3623571135824,Wheat,Crop Rotation,94.48167494239608
756.9974453438356,Wheat,No-till,122.78395496332938
112.09263014757329,Corn,Crop Rotation,68.04472800254183
903.527377612771,Corn,Cover Cropping,130.08152390712596
510.1998487233786,Corn,Crop Rotation,71.68557380447805
828.1928914466642,Corn,Cover Cropping,144.70722827776547
326.8491050203056,Soybean,No-till,86.94735371727947
896.5679962112384,Soybean,Cover Cropping,124.92108728341078
395.3096619468215,Corn,Cover Cropping,82.35144566199568
20.729274965495378,Soybean,Cover Cropping,30.96640553405268
906.328156655071,Wheat,No-till,144.83538498992672
100.37381001827222,Wheat,Crop Rotation,34.69022492372077
326.12050121451074,Wheat,Crop Rotation,48.42496474597634
950.5613473802969,Corn,No-till,147.1925935531544
951.1010754681805,Wheat,Cover Cropping,121.50997393103266
577.7035092420532,Soybean,Crop Rotation,82.47020516557426
635.5188400481013,Corn,No-till,109.25089196719068
453.96106675853656,Soybean,Crop Rotation,81.25965983085737
300.27866398108387,Wheat,No-till,56.21676883896092
335.3778999162168,Wheat,Cover Cropping,82.38927924374491
675.7932715162681,Wheat,Crop Rotation,104.35092427228469
754.8507841433033,Corn,No-till,121.83144850660302
793.66325328859,Soybean,Crop Rotation,105.33289046588902
791.7219613666083,Corn,Crop Rotation,118.27994160749418
100.29404201820347,Corn,Crop Rotation,59.02375460937757
499.4761016555557,Wheat,Crop Rotation,87.39345043755236
66.98317241647784,Corn,No-till,67.28336024615956
554.0335935004982,Corn,Cover Cropping,95.5995844402466
447.1151963596432,Wheat,No-till,55.46226784399755
888.8271409307167,Corn,No-till,151.36082607223415
357.4058624265579,Wheat,No-till,74.06862481193228
125.8963462633298,Wheat,Cover Cropping,54.2512952810496
151.5617652323075,Wheat,Crop Rotation,61.84846406963376
763.8955254002975,Wheat,Crop Rotation,130.73363887240657
622.0358826830984,Corn,Crop Rotation,95.70537348690164
110.11144936156234,Wheat,Cover Cropping,47.35074400781268
93.26573805384746,Wheat,Crop Rotation,52.99493841143921
703.9594401445288,Corn,Cover Cropping,106.95315382922293
82.03537630055159,Corn,Crop Rotation,42.38242169215088
823.6414586974527,Soybean,Crop Rotation,111.48376008515652
709.1798048849313,Corn,No-till,120.63707735441291
90.53529283548076,Corn,Cover Cropping,51.85229248064837
93.98933694434,Soybean,No-till,48.460980471870755
986.7731827161637,Corn,No-till,139.01974411555378
380.5280877985591,Corn,No-till,96.17221206380884
376.935725596222,Corn,Cover Cropping,96.07188276928336
814.6715715849275,Corn,Cover Cropping,141.2943051002169
947.7760916100201,Soybean,Crop Rotation,124.9668735871572
986.1410531846421,Corn,No-till,157.151352041037
755.8444034063522,Corn,Crop Rotation,117.94769936791297
382.4969896756066,Soybean,No-till,77.54298548142741
92.66570953168208,Wheat,Cover Cropping,51.60875314025017
779.3754467681624,Soybean,Cover Cropping,111.77149413636127
562.820207238447,Wheat,Cover Cropping,87.52025469602782
429.97978915450653,Soybean,No-till,74.23068189041436
907.2908412437886,Soybean,Cover Cropping,126.0868731500466
120.08550748308983,Corn,No-till,64.54716283845484
497.6988532479506,Wheat,Crop Rotation,95.45923028157003
21.240108319744877,Corn,No-till,48.58905636995762
473.974035574185,Wheat,Crop Rotation,67.01571208654916
65.74024292501898,Soybean,No-till,66.54771400184315
127.6297371053912,Soybean,Crop Rotation,42.71744933969694
126.35098430933384,Wheat,Cover Cropping,30.151281869524734
652.718199094903,Corn,Crop Rotation,106.60275726085814
748.5844304727691,Corn,Cover Cropping,116.61070831448515
587.535077446188,Corn,Cover Cropping,126.75746417147052
962.5508229897965,Corn,Crop Rotation,141.00874264245178
381.121873728467,Soybean,No-till,81.64876383629834
292.8549654190421,Soybean,No-till,65.04052444934817
869.9131369075657,Soybean,No-till,135.29298210268624
231.3598801342581,Soybean,No-till,82.70308751404376
963.5903140462052,Soybean,No-till,144.47717323939312
22.03292994291818,Corn,Cover Cropping,38.728996073112356
970.1800384405626,Corn,No-till,152.40606596157582
52.728312831070355,Corn,Cover Cropping,49.786762334378885
892.2316825610903,Corn,Cover Cropping,138.70929928929064
532.4240979954369,Soybean,Cover Cropping,89.69433629770148
993.0351481581073,Soybean,Crop Rotation,130.52056207319862
83.05859908804487,Soybean,Crop Rotation,39.12806193448669
558.3157415573075,Wheat,Cover Cropping,100.25395567070436
969.609510262908,Corn,Crop Rotation,133.27869827387988
527.8668657284474,Corn,No-till,98.18937925910245
633.1046517539099,Soybean,No-till,98.88980615976732
698.791202094771,Corn,Cover Cropping,119.41925822664479
459.9956541200955,Corn,No-till,99.11658343332175
631.2824992832228,Soybean,Cover Cropping,98.64056768343596
588.4711688038692,Wheat,Cover Cropping,86.75332980480832
902.1464303860791,Wheat,No-till,148.97637717088503
54.99191653804329,Wheat,Crop Rotation,16.69476110255595
288.15355769630804,Soybean,No-till,78.74707580164801
950.9073692357931,Corn,No-till,158.00477240573937
891.3611460520071,Soybean,Cover Cropping,95.2679769903177
461.1001852578558,Soybean,Cover Cropping,94.05141912654739
623.9312718235213,Corn,Cover Cropping,105.19058116739126
284.60737115132133,Wheat,Cover Cropping,66.02128575796473
196.2399481265237,Wheat,Crop Rotation,46.39161516743147
469.0614208905823,Soybean,Crop Rotation,92.660076545519
359.8187057457923,Wheat,Crop Rotation,69.6130639912928
587.8195507323634,Soybean,Cover Cropping,100.09915396857949
86.957290595335,Soybean,Cover Cropping,39.70712298994757
974.6508595895049,Corn,Cover Cropping,161.2880082972924
986.3486370348069,Corn,Crop Rotation,138.73417390081337
701.1800968795477,Corn,Cover Cropping,138.01606766255935
540.7354026806792,Soybean,No-till,118.34923411984987
316.4323401234645,Corn,No-till,63.85972433969265
815.6570695098792,Wheat,Cover Cropping,110.01624734296102
687.8838608283405,Wheat,No-till,98.41887602308464
170.9907699514424,Soybean,No-till,61.61701618027362
911.8179126489041,Soybean,Crop Rotation,128.05343146975204
824.3118704939372,Corn,Cover Cropping,129.73045172832803
950.3019141590048,Soybean,Cover Cropping,145.5714781760903
728.4623133044764,Soybean,Crop Rotation,122.78205902353635
617.281043976432,Wheat,No-till,111.40298189002958
424.0606059277127,Wheat,No-till,76.7967084505338
933.4011985204731,Corn,Cover Cropping,130.51988120097295
867.4032506054043,Soybean,No-till,131.7679434193798
54.76648340512752,Soybean,Crop Rotation,44.737843604559366
36.103304752279485,Wheat,Crop Rotation,31.778417018056725
382.6987332092691,Soybean,Cover Cropping,64.81502495840468
812.4477974740146,Wheat,Crop Rotation,118.06537483316947
987.403368021795,Corn,Crop Rotation,134.8171891148405
158.9127221924929,Wheat,Cover Cropping,46.666144875028856
598.1894081986138,Soybean,Crop Rotation,94.27281407928045
387.0819480647113,Corn,Crop Rotation,76.30920563566953
970.2152538364571,Wheat,Crop Rotation,123.35651482852471
843.6977339043516,Wheat,No-till,111.56852032110328
839.9454176640264,Corn,Cover Cropping,127.87206709688606
474.00622819702056,Corn,Cover Cropping,99.43016073877072
420.6713073142885,Wheat,Cover Cropping,79.71357078264174
280.6730012113992,Soybean,No-till,82.54851451214637
65.81174168441785,Wheat,No-till,39.29572394524172
866.0751524925026,Corn,Cover Cropping,118.82693045807225
814.7719990387768,Wheat,No-till,119.01870011409773
999.7204965532693,Corn,Cover Cropping,138.82968346983998
996.6704687031663,Corn,No-till,144.56369703823918
559.8773885466012,Soybean,Crop Rotation,93.10523603547139
771.2975410287054,Corn,Crop Rotation,112.098948711824
945.3180725836038,Corn,Cover Cropping,127.03112236629646
851.1509167706373,Soybean,No-till,124.52514439824375
254.87462072576568,Corn,No-till,78.88805574118457
456.0386939569926,Soybean,Crop Rotation,87.31867540576843
137.86782099998004,Soybean,Crop Rotation,55.40100994083148
954.5105169861351,Corn,No-till,149.69578264109262
610.1128881063712,Corn,No-till,109.33035415098468
236.3563774484281,Wheat,No-till,67.6847787344341
674.9836775617981,Soybean,No-till,112.07501117419744
621.9469580533168,Wheat,No-till,103.32565718353406
364.5810908525121,Corn,No-till,77.0648417065918
122.42201627763274,Wheat,Cover Cropping,47.680951265370425
674.8574636368716,Soybean,No-till,116.27240870620128
525.1046238947554,Wheat,Crop Rotation,85.92173552387264
774.5952078182829,Soybean,Cover Cropping,104.58433052123532
524.9618661008734,Corn,No-till,103.45879437412115
853.6596853153547,Corn,Crop Rotation,110.92707275689635
556.3877703867407,Soybean,Cover Cropping,97.37554350005934
565.3285918200324,Corn,Crop Rotation,89.51948726597611
877.8870666317616,Corn,No-till,154.84513608843065
409.44803755027306,Corn,No-till,92.1372370479862
142.67507616613432,Corn,No-till,72.27914781485265
38.494849550205586,Soybean,No-till,69.95821132526336
757.5858831168828,Wheat,Cover Cropping,102.58457020080107
624.10645583993,Wheat,Cover Cropping,101.76739469305213
707.0389704182313,Corn,Crop Rotation,98.84478694949468
220.83451989382164,Wheat,No-till,65.53242207188136
145.00776083090207,Wheat,Crop Rotation,62.157868747594236
24.399219011203108,Corn,Cover Cropping,41.161089756702424
357.081683218531,Corn,No-till,76.84862518890714
594.0185099860868,Wheat,No-till,98.49010866342304
398.321604648735,Soybean,Cover Cropping,100.29033334575637
443.1001728034918,Corn,Cover Cropping,97.02040647988173
905.117107548811,Soybean,Cover Cropping,121.46256423432101
354.77291235306734,Wheat,Cover Cropping,85.02789706012443
518.8495942682127,Corn,Cover Cropping,80.3343295034894
785.8164826137316,Soybean,No-till,144.94723954940042
402.57735449805745,Corn,Cover Cropping,93.82224224995734
625.8658332255948,Wheat,No-till,120.22215772262666
863.7400716592778,Soybean,No-till,114.89602608208742
950.0254174210656,Wheat,Cover Cropping,131.69696005070344
155.60274611974756,Wheat,Cover Cropping,49.2213853463176
927.3217489098795,Corn,No-till,132.66238015652155
497.1951301487428,Soybean,Cover Cropping,76.75927681236035
265.6619444159688,Wheat,Cover Cropping,66.63700702919236
464.5443986758787,Wheat,Cover Cropping,87.4317569487241
980.2322495326223,Soybean,Crop Rotation,146.02296542051977
497.6919130529409,Wheat,No-till,84.73498077202579
335.46409418463315,Wheat,Crop Rotation,62.13031131690522
637.0668457735585,Soybean,Cover Cropping,89.88208532789493
247.74416259041115,Soybean,Crop Rotation,75.18227437898861
85.10469482757728,Soybean,Cover Cropping,49.20595036033016
137.59092469154274,Soybean,Crop Rotation,55.98497748535533
136.7653805681947,Corn,Cover Cropping,66.25559201792959
160.3836665771714,Soybean,Crop Rotation,65.62943823073692
147.43890092291605,Corn,Crop Rotation,46.429895419617075
644.4659973551825,Corn,Crop Rotation,111.42246573899003
190.06128355515338,Corn,No-till,68.75604129242492
352.21061049062456,Wheat,Crop Rotation,86.27783171246877
897.8205258069518,Corn,No-till,131.438410790735
479.2220238602436,Corn,Cover Cropping,104.63646586366309
670.8821611358169,Wheat,Crop Rotation,100.59163390586566
180.59667248961352,Wheat,Cover Cropping,56.03822819102157
200.36612862058408,Wheat,Cover Cropping,55.576820122533306
50.459930103814074,Soybean,Crop Rotation,53.512651238749285
177.2457124414429,Wheat,No-till,60.363088254883635
285.80443564163903,Wheat,Crop Rotation,43.33629018295413
185.24037943397934,Corn,Cover Cropping,75.71907363052038
97.81550841948506,Wheat,Cover Cropping,55.143569163265724
129.4295123895948,Soybean,Crop Rotation,53.81432808108796
466.1709803523985,Wheat,No-till,75.33236173776439
214.2703812217346,Soybean,No-till,56.69588451996025
370.62716243759473,Wheat,Cover Cropping,53.28828739139838
508.3830981463083,Wheat,Cover Cropping,90.44160854642897
693.4908803430717,Wheat,No-till,95.85359955256348
48.91901844268795,Wheat,Crop Rotation,17.704392915647148
801.4162949199522,Soybean,Cover Cropping,132.89152068499567
631.6213855959987,Soybean,No-till,115.84393420422833
90.94144162938319,Corn,Cover Cropping,50.76242751462905
874.8428378657095,Soybean,Crop Rotation,121.143817953999
921.663676526495,Wheat,No-till,108.0929255828101
70.46718025631512,Corn,Cover Cropping,61.214167216223714
284.10887166573167,Corn,Crop Rotation,61.48357252168632
808.1392669951307,Corn,Cover Cropping,129.11683533084448
750.7770934798218,Wheat,Crop Rotation,80.19208673006733
192.67580916281355,Soybean,Crop Rotation,64.04326123789681
217.2558301033432,Wheat,No-till,54.19713531647708
376.76738176346817,Corn,Crop Rotation,63.916315538453276
489.6777553391111,Wheat,Cover Cropping,80.57175918902745
622.072223814993,Wheat,Crop Rotation,86.24327020214444
375.2245031740747,Soybean,Crop Rotation,83.26512644650614
467.90936897181643,Soybean,No-till,87.58698567356537
749.9962287524189,Corn,Crop Rotation,128.62579314137557
46.31637086169192,Wheat,Crop Rotation,37.93306324405992
259.9125749005806,Wheat,Cover Cropping,69.93493636218182
716.2160900257069,Soybean,No-till,116.59994447029183
896.2547693103273,Wheat,No-till,142.34606675443155
516.5606676945094,Wheat,No-till,80.11982686662418
536.7923504126625,Wheat,Crop Rotation,84.81547961620953
116.10029122637829,Soybean,No-till,52.645670828323674
452.9382431552201,Corn,Crop Rotation,99.26010911059514
537.2910937904729,Corn,Crop Rotation,108.71945342564155
250.04579859838236,Wheat,Cover Cropping,60.00879245220942
276.55079863988715,Corn,Cover Cropping,59.73996885303067
383.5113214735764,Soybean,Cover Cropping,82.62210531527433
29.870485799949105,Soybean,Cover Cropping,26.340951229657247
328.8583739273465,Corn,Cover Cropping,94.14726538056577
219.3335269265792,Corn,Crop Rotation,57.201651986297534
334.2223786561355,Wheat,Crop Rotation,63.1165362314386
128.5645105010587,Corn,No-till,56.04694029203833
891.622007932496,Wheat,Crop Rotation,110.1443849262414
597.6565290185082,Wheat,Crop Rotation,97.13856606732134
682.3112959530447,Soybean,Cover Cropping,106.64496282479125
791.2795262212649,Soybean,Crop Rotation,114.55277801135824
503.4577769397667,Soybean,Cover Cropping,80.30686690178828
96.05108520654946,Soybean,No-till,63.165700755625345
541.7354764003622,Corn,No-till,113.7514449914049
590.9727068406703,Soybean,Crop Rotation,92.00798581527127
747.9850794424867,Corn,No-till,137.47772927756753
437.3429507673826,Soybean,Crop Rotation,77.69305353449303
136.30449976760812,Corn,No-till,71.42800493964903
290.93814674073724,Wheat,Cover Cropping,47.86453886577275
369.45147343464873,Corn,Cover Cropping,85.479456008329
649.4580689182852,Corn,Cover Cropping,107.23099221575917
575.0705216222227,Soybean,Cover Cropping,99.06227642177222
362.5357586388678,Corn,Crop Rotation,77.36039992044505
986.6500963050499,Wheat,No-till,139.92200785227482
609.7170711633182,Wheat,Crop Rotation,97.12871440995735
244.85452381863453,Soybean,Cover Cropping,58.833716065803664
110.7646478941997,Wheat,Crop Rotation,46.76725738477641
161.33054779248872,Corn,No-till,78.45830361042795
253.49815110066305,Wheat,Crop Rotation,41.24840506026307
169.07455952696012,Soybean,No-till,54.102054970402754
194.7013538107927,Corn,Crop Rotation,52.08478112606741
292.2442170069086,Soybean,No-till,63.30396370618128
181.63985934180727,Corn,No-till,63.41700823781014
897.797770380161,Wheat,Cover Cropping,135.1109621920145
89.43140820502579,Soybean,No-till,68.41901006562686
529.2662756745522,Soybean,Cover Cropping,93.98837726492025
416.2928587197649,Corn,Cover Cropping,83.38692576349449
982.5548307395203,Soybean,Cover Cropping,146.28472276475864
120.91851314637182,Corn,Crop Rotation,28.452166372115382
403.8770430552842,Corn,Crop Rotation,69.83591958449684
969.7757289426152,Corn,Crop Rotation,113.76126882726237
866.8520546350404,Corn,Crop Rotation,116.02820828994963
818.9013502397871,Wheat,No-till,114.21995975495871
265.32379877449046,Corn,No-till,91.30919865682583
179.17871151616515,Soybean,Crop Rotation,25.307251490056622
671.9567877251867,Wheat,No-till,103.02865277017534
930.0822292363099,Soybean,No-till,144.20388764541207
561.1952640837904,Wheat,Cover Cropping,95.22683304106998
575.8965625752008,Corn,Cover Cropping,117.20703759286903
287.1793027236813,Wheat,Cover Cropping,65.32844505833403
771.7980038600175,Wheat,Cover Cropping,115.92258219081322
195.17331107194815,Soybean,No-till,46.13226278916932
330.4424440402012,Soybean,Crop Rotation,58.16155582225204
431.1820742302526,Corn,No-till,75.29115998854503
512.5342748976104,Wheat,No-till,96.97950856890203
249.98563509092943,Wheat,No-till,68.4854680266654
123.68845649181151,Wheat,Cover Cropping,50.50422532201631
614.5138420172162,Corn,Cover Cropping,97.63704811714088
295.7442477078532,Corn,Cover Cropping,64.84492697761867
585.4258392083862,Corn,Crop Rotation,100.63705324380278
162.81908812146028,Corn,No-till,59.58804828443468
486.3287008362693,Corn,Crop Rotation,78.42882444530456
537.26353822607,Soybean,Cover Cropping,88.64246011002632
61.30530145420264,Wheat,Crop Rotation,29.523109785067184
343.23823541198135,Wheat,No-till,65.6565937949136
143.0705301695845,Wheat,No-till,42.04937484938243
72.74122076804007,Wheat,Cover Cropping,46.76101976019307
990.0606300660457,Wheat,Cover Cropping,149.56655740137512
329.13030652497577,Wheat,Crop Rotation,62.522988646311035
811.7757013960885,Wheat,Cover Cropping,118.40191150930814
262.0942482161262,Wheat,Cover Cropping,66.57320334762966
684.68769500169,Soybean,No-till,117.13442707210022
762.6255812907897,Wheat,Cover Cropping,102.79343484590918
599.6823532017659,Soybean,Cover Cropping,117.16669743120244
476.8604266646568,Corn,No-till,90.11293752968608
417.7225050057958,Wheat,No-till,88.25313414718367
355.3795838775653,Corn,Crop Rotation,80.83987146118565
930.2338528053476,Corn,Cover Cropping,118.43896985918839
832.3132137098519,Corn,No-till,129.642857201856
965.3766415598475,Soybean,Crop Rotation,132.10394867410648
133.05425125068928,Corn,Crop Rotation,54.63693723931179
733.5588004516078,Corn,Cover Cropping,121.37008520032846
938.9570522528275,Corn,Cover Cropping,146.47233395468254
189.42073550400355,Wheat,Crop Rotation,48.86691990769257
75.83130469310971,Wheat,No-till,51.12930614949041
743.7094427971584,Soybean,Crop Rotation,108.92139841199202
578.7283820481127,Soybean,Cover Cropping,87.69950163726354
843.4104889906894,Wheat,No-till,124.66506331276568
148.3746528600266,Soybean,No-till,67.32836372853336
797.3146387412913,Wheat,Crop Rotation,120.81934769888278
209.6110468472671,Corn,Cover Cropping,71.33426126016874
172.01938343704745,Corn,Crop Rotation,70.54544160319774
172.62313995168302,Soybean,Crop Rotation,56.450961469258104
816.4289730290683,Wheat,Crop Rotation,120.2816955195952
668.5452484892381,Wheat,No-till,116.22843634172168
527.8347705214281,Soybean,No-till,95.54997164330545
365.24217928226744,Wheat,Cover Cropping,78.78425225390343
878.4285354049772,Corn,Cover Cropping,123.4364045640886
398.52065634840903,Soybean,Crop Rotation,78.35018906032954
818.4334450768613,Soybean,Crop Rotation,122.61360277437066
444.74355948451625,Wheat,Crop Rotation,84.98530715544493
383.1749851306585,Soybean,Cover Cropping,86.52509155287892
468.0529878129104,Wheat,No-till,97.44644061463818
308.36409542250067,Wheat,No-till,69.84260624098583
750.1332863744886,Wheat,Crop Rotation,101.55939709074839
507.6931861915544,Wheat,Crop Rotation,78.02033104029928
239.89056819534912,Wheat,Crop Rotation,56.65189412402121
900.5788275418228,Soybean,Crop Rotation,106.97041259775976
390.0523091594793,Corn,Cover Cropping,97.32280061989347
548.1173325028487,Corn,No-till,105.25046684857462
907.4073898549015,Soybean,Crop Rotation,121.59072316213896
627.9956159548522,Soybean,Cover Cropping,77.50239948943062
125.72906030128043,Corn,Crop Rotation,52.20477096834522
940.4338023773404,Corn,Crop Rotation,132.05861508697646
631.4309725407037,Corn,No-till,104.17263294761781
341.5565585105153,Corn,Crop Rotation,67.42518739978141
147.87935193675338,Corn,No-till,64.5215687492237
796.0849373775931,Wheat,No-till,113.7261291418825
623.8720283692284,Soybean,No-till,113.1059834987064
538.1264810565583,Wheat,Cover Cropping,81.32481221921566
894.9536572204481,Corn,Cover Cropping,136.0414500172526
790.7112391122854,Corn,No-till,140.87157759934024
160.15813093542366,Corn,Crop Rotation,55.649854467916846
318.6048471175927,Wheat,No-till,75.42025595135672
256.00424841632105,Wheat,Crop Rotation,58.52693871563809
746.5068296469502,Corn,No-till,124.73065196086768
43.197110388421585,Wheat,Crop Rotation,33.649639619407054
574.1907880226033,Wheat,Cover Cropping,86.70533658776122
764.8340988832837,Corn,Crop Rotation,117.99353279390657
877.997980394132,Wheat,No-till,124.96712295101854
348.6609312287484,Soybean,Cover Cropping,90.32699480522191
823.0447316252927,Soybean,Crop Rotation,125.4159057536284
119.52541958565516,Soybean,Crop Rotation,32.42458299968206
847.987768817173,Soybean,Crop Rotation,105.82719689953653
136.21377570866258,Corn,Crop Rotation,52.316778880472604
403.3144176547636,Corn,Crop Rotation,76.37838699107891
799.3224121217581,Corn,Cover Cropping,123.10030202995657
158.41825307528603,Soybean,Cover Cropping,62.353439914051734
236.95888128031507,Soybean,Cover Cropping,66.85324711680508
725.0300427091356,Wheat,Cover Cropping,110.55929657549511
722.8361711806136,Wheat,No-till,126.7455637730153
644.7361565564444,Soybean,Cover Cropping,90.58470011391364
697.008960022429,Soybean,Crop Rotation,105.7402843437319
547.2971989141203,Soybean,Crop Rotation,83.9391944119395
259.28106831788324,Soybean,Cover Cropping,80.28246469018185
352.23903356888025,Wheat,Crop Rotation,43.1303872986546
189.7817396334114,Soybean,Cover Cropping,37.32335810621113
909.366055720292,Wheat,Crop Rotation,123.98296853550971
587.5578768184592,Soybean,No-till,115.0187532750874
406.8429025960035,Soybean,No-till,93.41683347277085
467.3857456076914,Soybean,Cover Cropping,78.72876662759205
947.8105062156972,Wheat,Cover Cropping,144.8452678415855
161.8178890849194,Wheat,Cover Cropping,38.86710142254985
590.3675336966293,Corn,Crop Rotation,112.11159526509638
510.8297920956213,Soybean,Cover Cropping,80.09069670598069
615.3396930803013,Corn,No-till,108.01572758465792
27.929081982632102,Corn,Crop Rotation,49.18560357683238
873.40266985471,Wheat,Cover Cropping,107.67818867650935
932.7970996587762,Wheat,Crop Rotation,137.9699439412853
569.4818517533168,Corn,Crop Rotation,93.36874686131854
699.6843156381233,Soybean,Cover Cropping,111.34119292059522
923.2743873655228,Wheat,Crop Rotation,133.9494466269598
710.1662479702646,Soybean,No-till,108.08537134535497
161.01365248511874,Soybean,No-till,71.70950211106577
580.525476565145,Corn,Crop Rotation,114.4578833654382
610.6478959190273,Corn,Cover Cropping,99.50899961860694
429.8893645893622,Corn,Crop Rotation,96.68281318489917
739.0797932684756,Corn,No-till,106.30219338443152
935.0233446213247,Wheat,Crop Rotation,127.39833841007814
926.3128277777085,Wheat,Crop Rotation,110.34529762073278
456.3309776900908,Corn,No-till,105.05878325437098
122.1056653823477,Wheat,Crop Rotation,50.81512702245681
984.9927869727112,Corn,Crop Rotation,159.27307865318355
840.5091055814747,Soybean,Cover Cropping,138.26374038767247
133.41605439123418,Soybean,Cover Cropping,51.68389346310887
921.6334637911986,Soybean,No-till,126.34587150613145
871.197398441507,Corn,No-till,142.7766106408446
523.6496765548114,Soybean,No-till,96.7576535516262
595.3626813874799,Wheat,Cover Cropping,110.04781858470504
405.01267683142896,Soybean,No-till,63.83745924898511
64.21402243381101,Soybean,No-till,73.30196983626738
341.8452692294419,Soybean,No-till,84.50443299906223
804.8249141120314,Wheat,Cover Cropping,107.35237019399942
14.58570277455683,Corn,Crop Rotation,48.79846255164134
340.16417997423275,Wheat,No-till,86.99063221032031
404.1870066550339,Corn,Crop Rotation,81.56216957854028
542.0216469085436,Corn,No-till,86.55296084940595
920.6570602486329,Soybean,Crop Rotation,124.12723566139223
352.88253442230166,Corn,Cover Cropping,90.68220397265155
353.4836698772654,Wheat,Cover Cropping,75.31501433000028
740.1262356286509,Wheat,No-till,112.44755325451136
457.6957614809091,Corn,Crop Rotation,98.85273445700528
232.35877471058214,Soybean,Cover Cropping,70.62893587938119
457.9151209713665,Soybean,No-till,98.9549036565201
149.44845017600187,Wheat,No-till,50.838498097792176
184.62311664116106,Soybean,Cover Cropping,53.38847484665512
503.38409501208497,Corn,Cover Cropping,78.33881229437829
424.7361950095024,Corn,No-till,89.87970194157768
915.697442057419,Wheat,Crop Rotation,130.92366474372318
368.76996012546675,Corn,Crop Rotation,74.8360630423908
584.7824667752631,Wheat,Crop Rotation,92.93363514281636
635.9416450403351,Corn,No-till,124.7061580705663
22.9635120224503,Wheat,Cover Cropping,41.02468112023136
666.9019982965435,Soybean,No-till,116.39534744726238
186.25560720105392,Corn,Cover Cropping,50.047336099729854
961.4596142947606,Corn,Crop Rotation,132.9203135884563
157.17610047558182,Wheat,Crop Rotation,62.98387511252413
420.4778824897535,Wheat,Cover Cropping,78.08576005993629
94.49617139785742,Corn,Cover Cropping,73.4169989597515
996.9055093274878,Wheat,No-till,132.45939462635934
507.17306022793014,Corn,Crop Rotation,93.05678054413842
599.4311671468433,Soybean,No-till,101.11633233916565
76.4057126145432,Wheat,No-till,53.56041811269985
752.460865695186,Corn,No-till,134.1961732501198
217.8065371646299,Soybean,Crop Rotation,62.805314673472
899.0737465463067,Soybean,No-till,145.32589609211095
213.08824407718708,Corn,No-till,71.17709452249544
198.7808434570299,Wheat,No-till,57.97280066906621
46.18417116961393,Corn,No-till,37.03648704420168
477.34627565889923,Soybean,No-till,99.11913691753557
569.1927219299903,Corn,No-till,108.6411131154006
75.05155303406885,Wheat,Crop Rotation,36.826007927781546
777.7723405280605,Soybean,No-till,120.8690599982626
458.7559464005473,Corn,Cover Cropping,90.50679902661685
529.1463666343043,Wheat,No-till,90.55227534845126
446.3551194688459,Soybean,No-till,84.35517356125155
406.7554302665727,Wheat,Crop Rotation,73.07143183389896
564.0439279951357,Soybean,Crop Rotation,96.24598398884311
163.6878434714054,Corn,Cover Cropping,53.66310520327873
190.1088491903184,Wheat,Cover Cropping,50.00352922715793
863.1677648033822,Soybean,Crop Rotation,119.27055896768954
946.6543075122964,Wheat,Crop Rotation,124.7135638249975
379.5762231169554,Wheat,No-till,76.67576761583787
278.03722641211823,Corn,Crop Rotation,74.40093463777576
647.5595478066256,Wheat,Cover Cropping,83.23228462362447
414.6468293871154,Soybean,No-till,71.71431095531038
35.13249210374141,Soybean,Cover Cropping,45.448943202909916
164.59107139252845,Soybean,No-till,55.43224866097496
718.8125065589236,Soybean,Crop Rotation,115.72367371363046
662.3347024910498,Corn,Cover Cropping,122.93147977499049
36.825032578448656,Wheat,No-till,46.019975022073965
229.75244031361996,Corn,No-till,62.255494868620204
238.76404862219067,Wheat,Crop Rotation,64.42234002448966
675.1738161627411,Wheat,Crop Rotation,99.50640823777738
29.513432376820514,Wheat,Crop Rotation,18.08198351241088
113.06749616472811,Corn,Cover Cropping,42.32155313582097
801.9169245194574,Wheat,No-till,135.36116034903222
186.75921543379027,Corn,Crop Rotation,72.18728067599133
656.218646773356,Soybean,Cover Cropping,80.45043325637316
245.80095323625926,Soybean,Cover Cropping,51.00218637104716
108.44697883175171,Wheat,Cover Cropping,57.25325283939172
250.74046908945954,Corn,Crop Rotation,64.88912102501548
725.0442625371026,Soybean,Crop Rotation,114.52291910863119
857.1395034252229,Corn,No-till,135.09442288154133
831.9176659213217,Corn,No-till,139.73669149284422
403.21169432227026,Wheat,Crop Rotation,70.37950489888138
671.4042852049397,Soybean,Cover Cropping,102.7643459529243
212.93445246166277,Wheat,Cover Cropping,66.88088354531438
300.2162529584031,Wheat,Cover Cropping,67.04217145609677
897.3724603359086,Soybean,No-till,141.26113319602652
22.871904275628673,Soybean,Cover Cropping,43.861669677170525
94.6534455459234,Corn,No-till,54.60177561909421
215.80739259456703,Soybean,No-till,82.66463237302864
36.26688183508152,Corn,Cover Cropping,52.17637073108481
189.62108073889934,Corn,Cover Cropping,60.41162163016842
587.2111453599953,Corn,Crop Rotation,111.50440923918669
427.210305086573,Soybean,Crop Rotation,64.51279276986772
893.7449939662051,Wheat,Cover Cropping,146.7373359045804
819.2691261210565,Corn,No-till,130.13541503547134
348.3991781808972,Wheat,No-till,62.15977574425597
266.82919909697955,Wheat,No-till,85.7423333942736
385.89548408559426,Soybean,No-till,78.95787227783153
594.3919930896596,Wheat,No-till,101.87164500752223
275.3830044146475,Wheat,Crop Rotation,64.71520785585939
627.9074187706427,Soybean,Cover Cropping,114.63246715366573
415.31753566932804,Corn,Crop Rotation,84.52949920414845
556.5267090434604,Wheat,No-till,89.17951682104568
441.7652638439635,Soybean,No-till,91.36645161773627
301.5211019464985,Wheat,No-till,65.95895474133263
948.9687738925351,Wheat,No-till,137.38699415289875
765.9697362181632,Corn,Cover Cropping,137.8784690793849
148.712044008788,Wheat,No-till,62.43045631731674
869.7832961389337,Soybean,Cover Cropping,129.04479399487676
492.5568862670185,Wheat,No-till,96.64059695276526
895.6067046251505,Corn,Cover Cropping,142.66147698160694
801.8567033878421,Corn,Crop Rotation,109.40692930909697
430.9613694245411,Soybean,No-till,88.51336405461109
32.244615236916225,Corn,Cover Cropping,73.84973811701678
275.99058579109663,Wheat,Crop Rotation,69.72726842942834
546.2178725142583,Corn,No-till,99.58743165981383
637.1434376278858,Soybean,No-till,102.68226480161238
265.3088085788703,Corn,No-till,70.16562362613101
147.96251333209588,Corn,Cover Cropping,68.45945083583015
836.5809344313061,Corn,Cover Cropping,144.73450265429278
984.5581588965166,Soybean,Crop Rotation,139.27748633445225
530.433280479659,Corn,Cover Cropping,99.61495154665408
179.96249298982048,Corn,Cover Cropping,58.55469572265434
279.5842532541753,Wheat,No-till,71.2521567812528
28.206769781992065,Soybean,No-till,39.61945977723711
915.155818494894,Corn,No-till,122.15792637737704
126.57357206123973,Soybean,No-till,74.02561410724846
580.751310759111,Corn,No-till,98.01700437229
281.3146684803339,Corn,No-till,74.8831431113402
558.6362224906355,Corn,No-till,112.42719675535646
654.9061844683456,Wheat,Crop Rotation,109.8352871402951
831.4443856701296,Wheat,Crop Rotation,115.71574509119918
214.35705904299718,Wheat,Crop Rotation,39.49859602769144
20.88587037189567,Soybean,Crop Rotation,34.07512254027406
145.5167737681192,Soybean,No-till,52.76682332656113
901.018455429624,Wheat,Crop Rotation,119.7197352682492
875.1511767868901,Soybean,No-till,144.83496239138537
601.4389711486052,Corn,Crop Rotation,74.77001115416168
604.5116918293169,Corn,Cover Cropping,101.33727088265678
668.3863078007929,Corn,Crop Rotation,101.99813441620911
183.6175658372151,Wheat,Crop Rotation,35.79414313476512
915.2678264657102,Soybean,No-till,142.38169008406717
424.5828196431524,Wheat,Crop Rotation,58.30852324555475
389.3071429670025,Soybean,Cover Cropping,65.931771503737
523.7285282300091,Corn,No-till,110.88354496320706
56.496307107304496,Wheat,No-till,60.65534440035714
174.62053506851862,Soybean,Crop Rotation,51.70108582073227
740.6532802621067,Soybean,No-till,106.89136683631801
91.9706812458752,Corn,No-till,52.141527206805016
607.1205883717244,Wheat,No-till,110.79207830962288
252.89561858450776,Wheat,No-till,66.45394426508471
395.4026579015568,Wheat,No-till,78.52987802133644
295.80679940299285,Corn,No-till,82.71117703943075
362.11598930029965,Wheat,Cover Cropping,70.83499949477556
721.855446132403,Corn,Crop Rotation,127.64266758983248
304.15049846694325,Corn,Cover Cropping,67.92361719975833
570.7405938939282,Corn,No-till,98.43446822104069
481.2898981771087,Soybean,No-till,79.29445463702432
667.0344537090217,Wheat,Crop Rotation,91.30356901364527
937.4614419315104,Wheat,Cover Cropping,117.82638944648951
735.2463762381478,Corn,Crop Rotation,115.70539271034202
222.79097480484918,Corn,Cover Cropping,67.48857113573635
40.871303710671825,Wheat,No-till,33.29637537038742
269.64140385682686,Corn,Crop Rotation,72.8555339759624
599.1271513932522,Wheat,Crop Rotation,105.08084381062396
60.91155534940785,Soybean,No-till,54.66953902165102
501.402584729224,Corn,Crop Rotation,64.70527664336765
600.8744204277203,Wheat,Cover Cropping,114.9587517494731
340.9014519087912,Corn,Cover Cropping,86.55937988158972
773.2030817083637,Wheat,Cover Cropping,131.88449070272088
115.53227060243408,Wheat,Cover Cropping,57.46046292174175
84.38640391845067,Corn,No-till,71.34379458055066
730.9068686415674,Soybean,Crop Rotation,110.14335580016758
500.5364030441365,Wheat,Cover Cropping,82.43068018251532
691.5183724634587,Wheat,No-till,112.88664912366748
440.47906521770875,Wheat,Crop Rotation,66.96005571930547
253.93801290671576,Soybean,Crop Rotation,64.7326097996739
820.9112944974577,Soybean,No-till,100.82326687623868
801.4217201792894,Corn,No-till,130.57149447007308
697.7495061458825,Soybean,Cover Cropping,123.22171181560958
279.4236858576631,Corn,Crop Rotation,68.88545437505596
594.3283602003962,Corn,Crop Rotation,116.7076634003495
367.36415797062654,Soybean,No-till,79.09896191857659
100.66625259336782,Corn,Crop Rotation,60.09313438921506
918.1404397076203,Soybean,Cover Cropping,123.03134323402838
145.45044460977178,Corn,Crop Rotation,64.16461065653097
950.7349802825944,Soybean,No-till,142.3994471105376
451.5457152283762,Soybean,No-till,87.95706656441033
